genus,model_group,lineage_from_mtDNA
Carlia,amax,Amax_1
Carlia,amax,Amax_2
Carlia,amax,Amax_3
Carlia,amax,Amax_4
Carlia,amax,Amax_5
Carlia,amax,Amax_6
Carlia,gracilis,Gracilis_1
Carlia,gracilis,Gracilis_2
Carlia,gracilis,Gracilis_3
Carlia,gracilis,Gracilis_4
Carlia,johnstonei,cf_johnstonei1
Carlia,johnstonei,cf_johnstonei2
Carlia,johnstonei,johnstonei
Carlia,munda,Munda_1
Carlia,munda,Munda_2
Carlia,munda,Munda_3
Carlia,rufilatus,Rufilatus_1
Carlia,rufilatus,Rufilatus_2
Carlia,rufilatus,Rufilatus_3
Carlia,rufilatus,Rufilatus_4
